,FedEx Express순 운임,,,,,,,,,,,,,,,,,,,,,
,,,,,,,,,,,,,,,,,,,,,,
고객 이름/위치:,,,,,,,,,,,,,,,,,,,,,,
"DONGMYUNG BEARING CO., LTD.123, SAEBYEOK-RO 215BEON-GIL,BUSAN 46988",,,,,,,,,,,,,,,,,,,,,,
,,,,,,,,,,,,,,,,,,,,,,
,South Korea 대한민국 Express 운임,,,,,,,,,,,,,,,,,,,,,
,,,,,,,,,,,,,,,,,,,,,,
대한민국 FedEx International Import,,,,,,,,,,,,,,,,,,,,,,
South Korea  ImportOne 특별 운임,,,,,,,,,,,,,,,,,,,,,,
FedEx International Priority Import,,,,,,,통화: KRW,,,,,,,,,,,,,,,
,,,,,,,,,,,,,,,,,,,,,,
,,,,,,,,,,,,,,,,,,,,,,
순 운임은 2026년 03월 24일.,,,,,,,,,,,,,,,,,,,,,,
,,,,,,,,,,,,,,,,,,,,,,
중량,지역,,,,,,,,,,,,,,,,,,,,,
Kg,A,D,E,F,G,H,I,J,K,M,N,O,P,Q,R,S,T,U,V,W,X,Y
Envelope,,,,,,,,,,,,,,,,,,,,,,
,"31,090","35,790","18,680","18,700","38,830","54,780","65,350","59,000","14,640","36,970","27,570","31,810","27,470","13,840","23,470","16,400","20,540","26,170","15,530","17,090","23,860","22,920"
Pak,,,,,,,,,,,,,,,,,,,,,,
0.5,"43,150","57,800","39,580","39,630","39,040","62,570","74,850","66,660","18,490","37,170","34,920","51,590","42,390","18,130","33,590","17,890","29,040","31,460","15,600","22,640","34,520","29,770"
1,"51,100","67,800","46,580","46,240","48,430","81,970","98,050","94,120","21,900","46,110","41,360","60,520","48,210","21,470","39,780","21,180","34,400","36,710","18,480","26,820","40,880","35,260"
1.5,"58,450","75,200","53,190","52,510","57,140","98,160","117,200","117,570","25,050","54,400","45,550","67,120","51,580","23,650","43,810","23,330","37,890","41,680","21,140","29,540","46,760","40,330"
2,"64,900","83,500","59,680","59,730","66,200","116,070","139,450","141,720","27,820","63,030","50,340","74,530","57,050","26,130","48,420","25,780","41,870","47,420","23,470","32,640","51,920","44,780"
2.5,"72,350","92,350","66,890","66,870","75,270","134,240","159,550","169,000","31,010","71,660","55,700","82,430","61,520","28,910","53,570","28,520","46,320","53,080","26,160","36,110","57,880","49,920"
패키지,,,,,,,,,,,,,,,,,,,,,,
0.5,"46,380","58,160","47,170","47,060","43,970","90,950","114,050","106,480","19,610","37,070","34,880","51,700","46,760","21,270","40,820","23,870","28,820","35,660","19,020","22,450","41,230","34,200"
1,"55,850","68,010","54,930","55,960","57,010","106,700","133,400","124,560","21,700","54,280","40,400","60,460","56,280","25,140","48,790","26,400","37,550","41,640","19,310","27,790","48,590","41,330"
1.5,"64,850","77,860","62,850","63,900","64,710","122,450","152,750","142,650","25,200","61,600","46,590","69,210","63,120","29,000","56,270","30,450","43,310","47,550","22,430","32,050","56,420","47,990"
2,"73,850","87,710","70,780","71,850","72,400","138,200","172,100","160,730","28,700","68,920","52,780","77,970","69,970","32,850","63,750","34,500","49,060","53,460","25,540","36,310","64,250","54,650"
2.5,"82,850","97,560","78,700","79,790","80,090","153,960","191,450","178,820","32,200","76,240","58,980","86,720","76,810","36,700","71,230","38,550","54,820","59,370","28,650","40,580","72,080","61,310"
3,"86,950","108,450","83,890","84,190","80,320","166,500","207,650","193,930","36,260","76,450","62,250","93,270","84,060","36,770","76,030","38,620","54,910","59,570","33,270","43,620","79,120","68,690"
3.5,"91,050","118,350","91,160","91,380","87,820","182,530","225,770","213,110","37,970","83,590","67,550","101,780","89,220","39,900","82,500","41,910","59,580","64,660","34,840","47,330","82,860","71,930"
4,"95,150","128,250","98,430","98,580","95,310","198,570","243,890","232,290","39,680","90,720","72,850","110,290","94,390","43,030","88,980","45,200","64,260","69,760","36,400","51,050","86,590","75,170"
4.5,"99,250","138,150","105,700","105,780","102,810","214,610","262,000","251,460","41,390","97,860","78,150","118,810","99,560","46,160","95,450","48,480","68,930","74,850","37,970","54,760","90,320","78,410"
5,"103,350","148,050","112,970","112,980","110,300","230,650","280,120","270,640","43,100","104,990","83,450","127,320","104,730","49,290","101,920","51,770","73,610","79,940","39,540","58,480","94,050","81,650"
5.5,"108,850","154,390","115,740","117,380","110,380","248,640","299,150","293,130","46,610","105,110","85,730","137,240","112,550","49,390","106,190","51,880","73,760","79,960","49,130","60,220","97,960","87,080"
6,"114,350","162,210","119,990","121,670","115,270","261,270","315,350","309,320","48,960","109,770","90,160","144,190","117,620","51,950","111,680","54,560","77,580","82,880","51,620","63,330","102,910","91,480"
6.5,"119,850","170,030","124,250","125,960","120,150","273,900","331,550","325,510","51,320","114,420","94,600","151,140","122,690","54,500","117,180","57,250","81,400","85,800","54,100","66,450","107,860","95,880"
7,"125,350","177,850","128,510","130,240","125,040","286,530","347,750","341,700","53,670","119,070","99,040","158,090","127,760","57,060","122,670","59,930","85,210","88,720","56,580","69,560","112,810","100,280"
7.5,"130,850","185,670","132,770","134,530","129,930","299,160","363,950","357,900","56,030","123,720","103,470","165,040","132,830","59,610","128,170","62,610","89,030","91,640","59,070","72,680","117,760","104,680"
8,"136,350","193,500","137,020","138,820","134,810","311,780","380,150","374,090","58,390","128,370","107,910","172,000","137,900","62,170","133,660","65,300","92,840","94,560","61,550","75,790","122,710","109,080"
8.5,"141,850","201,320","141,280","143,110","139,700","324,410","396,350","390,280","60,740","133,030","112,340","178,950","142,970","64,720","139,150","67,980","96,660","97,480","64,030","78,910","127,660","113,480"
9,"147,350","209,140","145,540","147,400","144,580","337,040","412,550","406,470","63,100","137,680","116,780","185,900","148,040","67,280","144,650","70,670","100,480","100,400","66,510","82,030","132,610","117,880"
9.5,"152,850","216,960","149,790","151,680","149,470","349,670","428,750","422,660","65,450","142,330","121,210","192,850","153,110","69,830","150,140","73,350","104,290","103,320","69,000","85,140","137,560","122,280"
10,"158,350","224,780","154,050","155,970","154,350","362,300","444,950","438,860","67,810","146,980","125,650","199,800","158,180","72,390","155,640","76,030","108,110","106,240","71,480","88,260","142,510","126,680"
10.5,"162,150","230,820","168,770","164,450","154,270","370,390","454,200","449,550","75,110","146,900","137,250","205,170","162,590","72,360","157,380","80,360","110,280","116,500","78,680","101,970","144,310","128,100"
11,"165,950","236,860","172,180","168,450","157,090","378,490","463,450","460,240","76,870","149,590","140,430","210,540","167,000","74,030","161,030","82,220","112,840","119,330","80,520","104,330","147,700","131,100"
11.5,"169,750","242,900","175,590","172,440","159,910","386,580","472,700","470,930","78,630","152,270","143,610","215,910","171,400","75,710","164,670","84,080","115,390","122,160","82,360","106,690","151,080","134,100"
12,"173,550","248,940","179,000","176,430","162,740","394,680","481,950","481,620","80,390","154,960","146,790","221,280","175,810","77,380","168,320","85,950","117,950","124,990","84,210","109,050","154,460","137,100"
12.5,"177,350","254,970","182,420","180,420","165,560","402,780","491,200","492,320","82,150","157,650","149,970","226,640","180,220","79,060","171,960","87,810","120,500","127,820","86,050","111,420","157,840","140,110"
13,"181,150","261,010","185,830","184,410","168,380","410,870","500,450","503,010","83,910","160,340","153,150","232,010","184,630","80,740","175,610","89,670","123,060","130,640","87,890","113,780","161,220","143,110"
13.5,"184,950","267,050","189,240","188,400","171,200","418,970","509,700","513,700","85,670","163,030","156,330","237,380","189,030","82,410","179,250","91,530","125,610","133,470","89,740","116,140","164,610","146,110"
14,"188,750","273,090","192,650","192,390","174,030","427,060","518,950","524,390","87,430","165,710","159,510","242,750","193,440","84,090","182,900","93,390","128,160","136,300","91,580","118,500","167,990","149,110"
14.5,"192,550","279,130","196,060","196,390","176,850","435,160","528,200","535,080","89,190","168,400","162,680","248,120","197,850","85,760","186,540","95,250","130,720","139,130","93,430","120,860","171,370","152,110"
15,"196,350","285,170","199,470","200,380","179,670","443,260","537,450","545,780","90,950","171,090","165,860","253,480","202,250","87,440","190,190","97,110","133,270","141,950","95,270","123,220","174,750","155,120"
15.5,"200,150","291,210","202,890","204,370","182,490","451,350","546,700","556,470","92,710","173,780","169,040","258,850","206,660","89,120","193,830","98,970","135,830","144,780","97,110","125,580","178,130","158,120"
16,"203,950","297,250","206,300","208,360","185,320","459,450","555,950","567,160","94,470","176,460","172,220","264,220","211,070","90,790","197,480","100,840","138,380","147,610","98,960","127,950","181,520","161,120"
16.5,"207,750","303,290","209,710","212,350","188,140","467,540","565,200","577,850","96,230","179,150","175,400","269,590","215,470","92,470","201,120","102,700","140,940","150,440","100,800","130,310","184,900","164,120"
17,"211,550","309,330","213,120","216,340","190,960","475,640","574,450","588,540","97,990","181,840","178,580","274,960","219,880","94,140","204,770","104,560","143,490","153,260","102,640","132,670","188,280","167,120"
17.5,"215,350","315,360","216,530","220,330","193,780","483,740","583,700","599,240","99,750","184,530","181,760","280,320","224,290","95,820","208,410","106,420","146,040","156,090","104,490","135,030","191,660","170,130"
18,"219,150","321,400","219,950","224,320","196,600","491,830","592,950","609,930","101,510","187,210","184,940","285,690","228,700","97,490","212,060","108,280","148,600","158,920","106,330","137,390","195,040","173,130"
18.5,"222,950","327,440","223,360","228,320","199,430","499,930","602,200","620,620","103,270","189,900","188,110","291,060","233,100","99,170","215,700","110,140","151,150","161,750","108,180","139,750","198,430","176,130"
19,"226,750","333,480","226,770","232,310","202,250","508,020","611,450","631,310","105,030","192,590","191,290","296,430","237,510","100,850","219,350","112,000","153,710","164,570","110,020","142,120","201,810","179,130"
19.5,"230,550","339,520","230,180","236,300","205,070","516,120","620,700","642,000","106,790","195,280","194,470","301,800","241,920","102,520","222,990","113,860","156,260","167,400","111,860","144,480","205,190","182,130"
20,"234,350","345,560","233,590","240,290","206,980","524,220","629,950","652,700","108,550","197,090","197,650","307,160","246,320","104,200","226,640","115,730","158,810","170,230","113,710","146,840","208,570","185,140"
20.5,"238,150","351,600","237,000","244,280","206,980","532,310","639,200","663,390","110,310","197,090","200,830","312,530","250,730","105,870","230,280","117,590","161,370","173,060","115,550","149,200","211,950","188,140"
,,,,,,,,,,,,,,,,,,,,,,
FedEx International Priority Import,통화: KRW,,,,,,,,,,,,,,,,,,,,,
,,,,,,,,,,,,,,,,,,,,,,
"킬로그램당 운임으로, 발송물의 실제 중량(킬로그램)을 곱해 순 운임을 산출합니다.",,,,,,,,,,,,,,,,,,,,,,
,,,,,,,,,,,,,,,,,,,,,,
중량,지역,,,,,,,,,,,,,,,,,,,,,
Kg,A,D,E,F,G,H,I,J,K,M,N,O,P,Q,R,S,T,U,V,W,X,Y
,,,,,,,,,,,,,,,,,,,,,,
21.0 - 44.0,"6,250","16,860","13,910","14,780","8,790","25,390","30,650","31,640","6,430","8,580","12,080","15,140","10,610","5,240","6,490","6,670","8,410","15,170","8,620","6,970","5,450","5,570"
,,,,,,,,,,,,,,,,,,,,,,
45.0 - 70.0,"6,040","15,190","12,250","12,950","8,110","23,060","27,450","28,640","6,320","8,110","10,620","13,640","8,780","5,070","6,280","6,520","8,000","13,650","7,730","6,590","4,800","5,280"
,,,,,,,,,,,,,,,,,,,,,,
71.0 - 99.0,"5,870","14,060","13,890","14,850","7,950","21,120","25,550","26,270","5,860","7,950","10,500","2,870","7,740","4,630","6,270","5,760","7,890","12,870","7,490","6,590","4,390","4,340"
,,,,,,,,,,,,,,,,,,,,,,
100.0 - 299.0,"5,320","13,130","13,680","13,730","7,900","20,200","24,600","24,770","5,090","7,900","9,950","2,810","7,520","4,590","5,740","5,470","7,250","12,200","7,030","6,280","3,990","4,270"
,,,,,,,,,,,,,,,,,,,,,,
300.0 - 499.0,"4,980","12,150","13,300","13,370","7,290","19,540","23,800","22,920","4,980","7,290","9,320","2,730","6,900","4,320","5,130","5,360","7,090","11,880","6,700","5,630","3,920","4,280"
,,,,,,,,,,,,,,,,,,,,,,
500.0 - 999.0,"4,910","11,710","12,470","12,740","7,040","18,790","22,650","22,130","4,520","7,040","8,820","2,630","6,690","4,200","4,990","4,990","6,870","11,320","6,590","5,210","3,940","4,300"
,,,,,,,,,,,,,,,,,,,,,,
"1,000.0 - 9,999.0","4,910","11,710","12,420","12,740","6,890","18,790","22,600","22,130","4,490","6,890","8,770","2,630","6,620","4,110","4,960","4,960","6,840","11,320","6,370","5,190","3,950","4,300"
,,,,,,,,,,,,,,,,,,,,,,
"10,000.0 - 99,999.0","17,700","23,900","27,000","28,300","28,300","42,700","45,200","50,300","17,700","28,300","21,400","23,900","18,900","21,400","21,400","21,400","21,400","28,300","17,700","21,400","17,700","17,700"
,,,,,,,,,,,,,,,,,,,,,,
,,,,,,,,,,,,,,,,,,,,,,
모든 운임에는 적용 가능한 세금이 전혀 적용되어 있지 않습니다. 특별 요금 및 유류할증료에 대한 자세한 내용은 추가요금 및 기타 정보 페이지(http://www.fedex.com/kr_english/rates/surcharge_otherinfo.html)를 참조하십시오.,,,,,,,,,,,,,,,,,,,,,,
본 요금표에 기제된 발송물에는 운임환불보장이 적용되지 않습니다.,,,,,,,,,,,,,,,,,,,,,,
,,,,,,,,,,,,,,,,,,,,,,
,,,,,,,,,,,,,,,,,,,,,,
South Korea  ImportOne 특별 운임,,,,,,,,,,,,,,,,,,,,,,
FedEx International Economy Import,,,,,,,통화: KRW,,,,,,,,,,,,,,,
,,,,,,,,,,,,,,,,,,,,,,
순 운임은 2026년 03월 24일.,,,,,,,,,,,,,,,,,,,,,,
중량,지역,,,,,,,,,,,,,,,,,,,,,
Kg,A,D,E,F,G,H,I,J,K,M,N,O,P,Q,R,S,T,U,V,W,X,Y
패키지,,,,,,,,,,,,,,,,,,,,,,
0.5,"45,640","40,250","44,750","44,470","37,190","61,330","69,650","65,290","19,300","31,270","34,050","36,220","45,810","20,760","39,860","23,310","28,140","31,350","18,720","21,920","40,570","33,650"
1,"54,800","46,900","52,020","52,930","37,630","77,520","90,200","85,650","21,300","31,360","39,520","42,210","55,200","24,590","47,730","25,830","36,730","34,480","18,950","27,190","47,680","40,550"
1.5,"63,500","53,550","59,290","60,240","42,840","93,700","110,750","106,020","24,680","35,700","45,640","48,190","61,970","28,400","55,120","29,830","42,420","39,240","21,960","31,400","55,240","46,990"
2,"72,200","60,200","66,560","67,540","48,040","109,880","131,300","126,390","28,060","40,040","51,760","54,180","68,750","32,210","62,520","33,830","48,120","44,000","24,970","35,610","62,810","53,430"
2.5,"80,900","66,850","73,830","74,850","53,250","126,060","151,850","146,750","31,440","44,380","57,890","60,160","75,520","36,030","69,910","37,830","53,810","48,760","27,980","39,830","70,380","59,870"
3,"85,050","73,250","78,960","80,000","53,390","137,220","164,250","158,800","35,470","44,500","61,100","65,920","82,540","36,090","74,620","37,900","53,890","48,790","32,540","42,810","77,400","67,190"
3.5,"89,200","79,650","85,970","87,050","58,140","148,380","176,650","170,840","37,200","48,460","66,290","71,680","87,510","39,160","80,970","41,130","58,470","53,090","34,130","46,450","81,170","70,470"
4,"93,350","86,050","92,980","94,090","62,890","159,540","189,050","182,880","38,930","52,420","71,490","77,440","92,490","42,230","87,320","44,350","63,060","57,390","35,720","50,100","84,950","73,750"
4.5,"97,500","92,450","99,980","101,140","67,650","170,700","201,450","194,930","40,660","56,380","76,690","83,200","97,470","45,300","93,670","47,580","67,640","61,680","37,300","53,740","88,720","77,020"
5,"101,650","98,850","106,990","108,180","72,400","181,860","213,850","206,970","42,390","60,350","81,890","88,960","102,450","48,370","100,010","50,800","72,230","65,980","38,890","57,380","92,500","80,300"
5.5,"106,950","104,650","109,930","111,150","72,520","191,950","225,000","218,830","45,800","60,400","84,210","94,180","110,140","48,510","104,300","50,960","72,450","66,130","48,280","59,150","96,250","85,560"
6,"112,250","110,450","114,270","115,520","75,770","202,040","236,150","230,690","48,070","63,100","88,640","99,400","115,130","51,070","109,800","53,640","76,270","68,730","50,670","62,260","101,020","89,800"
6.5,"117,550","116,250","118,600","119,890","79,020","212,130","247,300","242,540","50,330","65,810","93,080","104,620","120,120","53,620","115,290","56,320","80,090","71,330","53,060","65,380","105,790","94,040"
7,"122,850","122,050","122,930","124,260","82,260","222,220","258,450","254,400","52,600","68,520","97,510","109,840","125,110","56,180","120,790","59,010","83,900","73,930","55,450","68,490","110,560","98,280"
7.5,"128,150","127,850","127,260","128,630","85,510","232,310","269,600","266,260","54,870","71,220","101,950","115,060","130,100","58,740","126,280","61,690","87,720","76,530","57,850","71,610","115,330","102,520"
8,"133,450","133,650","131,590","133,000","88,760","242,400","280,750","278,120","57,140","73,930","106,380","120,280","135,100","61,290","131,770","64,380","91,530","79,130","60,240","74,730","120,100","106,760"
8.5,"138,750","139,450","135,930","137,370","92,010","252,490","291,900","289,970","59,410","76,630","110,820","125,500","140,090","63,850","137,270","67,060","95,350","81,740","62,630","77,840","124,870","111,000"
9,"144,050","145,250","140,260","141,740","95,260","262,590","303,050","301,830","61,680","79,340","115,250","130,720","145,080","66,400","142,760","69,740","99,170","84,340","65,020","80,960","129,640","115,240"
9.5,"149,350","151,050","144,590","146,110","98,510","272,680","314,200","313,690","63,950","82,050","119,690","135,940","150,070","68,960","148,260","72,430","102,980","86,940","67,420","84,070","134,410","119,480"
10,"154,650","156,850","148,920","150,480","101,760","282,770","325,350","325,550","66,220","84,750","124,120","141,160","155,060","71,510","153,750","75,110","106,800","89,540","69,810","87,190","139,180","123,720"
10.5,"157,500","161,050","160,480","158,110","101,660","289,420","333,700","332,800","72,950","84,790","134,710","144,940","158,220","71,020","154,470","78,870","108,240","110,110","76,420","100,080","140,170","124,420"
11,"160,350","165,250","164,200","161,770","103,670","296,070","342,050","340,050","74,270","86,470","136,970","148,720","161,380","72,210","157,060","80,200","110,060","112,660","77,800","101,760","142,710","126,680"
11.5,"163,200","169,450","167,920","165,440","105,690","302,710","350,400","347,310","75,590","88,150","139,230","152,500","164,540","73,400","159,650","81,520","111,870","115,210","79,180","103,440","145,250","128,930"
12,"166,050","173,650","171,640","169,100","107,700","309,360","358,750","354,560","76,910","89,830","141,490","156,280","167,700","74,590","162,240","82,840","113,690","117,770","80,570","105,120","147,780","131,180"
12.5,"168,900","177,850","175,360","172,770","109,720","316,010","367,100","361,820","78,230","91,510","143,750","160,060","170,860","75,780","164,830","84,170","115,510","120,320","81,950","106,800","150,320","133,430"
13,"171,750","182,050","179,080","176,440","111,730","322,660","375,450","369,070","79,550","93,190","146,010","163,840","174,020","76,980","167,430","85,490","117,320","122,870","83,330","108,480","152,860","135,680"
13.5,"174,600","186,250","182,800","180,100","113,750","329,310","383,800","376,320","80,870","94,870","148,270","167,620","177,180","78,170","170,020","86,810","119,140","125,420","84,720","110,160","155,390","137,930"
14,"177,450","190,450","186,520","183,770","115,760","335,960","392,150","383,580","82,190","96,550","150,530","171,400","180,340","79,360","172,610","88,140","120,960","127,980","86,100","111,830","157,930","140,190"
14.5,"180,300","194,650","190,240","187,430","117,780","342,610","400,500","390,830","83,510","98,230","152,790","175,180","183,490","80,550","175,200","89,460","122,770","130,530","87,480","113,510","160,470","142,440"
15,"183,150","198,850","193,960","191,100","119,790","349,260","408,850","398,090","84,840","99,910","155,050","178,960","186,650","81,740","177,790","90,790","124,590","133,080","88,860","115,190","163,000","144,690"
15.5,"186,000","203,050","197,680","194,770","121,810","355,910","417,200","405,340","86,160","101,590","157,320","182,740","189,810","82,930","180,390","92,110","126,400","135,640","90,250","116,870","165,540","146,940"
16,"188,850","207,250","201,400","198,430","123,820","362,560","425,550","412,590","87,480","103,270","159,580","186,520","192,970","84,130","182,980","93,430","128,220","138,190","91,630","118,550","168,080","149,190"
16.5,"191,700","211,450","205,120","202,100","125,840","369,210","433,900","419,850","88,800","104,950","161,840","190,300","196,130","85,320","185,570","94,760","130,040","140,740","93,010","120,230","170,610","151,440"
17,"194,550","215,650","208,840","205,760","127,850","375,860","442,250","427,100","90,120","106,640","164,100","194,080","199,290","86,510","188,160","96,080","131,850","143,300","94,400","121,910","173,150","153,690"
17.5,"197,400","219,850","212,560","209,430","129,870","382,510","450,600","434,360","91,440","108,320","166,360","197,860","202,450","87,700","190,750","97,400","133,670","145,850","95,780","123,590","175,690","155,950"
18,"200,250","224,050","216,280","213,100","131,880","389,160","458,950","441,610","92,760","110,000","168,620","201,640","205,610","88,890","193,350","98,730","135,490","148,400","97,160","125,270","178,220","158,200"
18.5,"203,100","228,250","220,000","216,760","133,900","395,810","467,300","448,860","94,080","111,680","170,880","205,420","208,770","90,080","195,940","100,050","137,300","150,960","98,540","126,950","180,760","160,450"
19,"205,950","232,450","223,720","220,430","135,910","402,460","475,650","456,120","95,400","113,360","173,140","209,200","211,930","91,280","198,530","101,370","139,120","153,510","99,930","128,630","183,300","162,700"
19.5,"208,800","236,650","227,440","224,090","137,930","409,110","484,000","463,370","96,720","115,040","175,400","212,980","215,080","92,470","201,120","102,700","140,940","156,060","101,310","130,310","185,830","164,950"
20,"211,650","240,850","231,160","227,760","139,940","415,760","492,350","470,630","98,040","116,720","177,660","216,760","218,240","93,660","203,710","104,020","142,750","158,610","102,690","131,990","188,370","167,200"
20.5,"214,500","245,050","234,880","231,430","141,960","422,410","500,700","477,880","99,360","118,400","179,920","220,540","221,400","94,850","206,310","105,340","144,570","161,170","104,080","133,670","190,900","169,450"
,,,,,,,,,,,,,,,,,,,,,,
FedEx International Economy Import,통화: KRW,,,,,,,,,,,,,,,,,,,,,
,,,,,,,,,,,,,,,,,,,,,,
"킬로그램당 운임으로, 발송물의 실제 중량(킬로그램)을 곱해 순 운임을 산출합니다.",,,,,,,,,,,,,,,,,,,,,,
,,,,,,,,,,,,,,,,,,,,,,
중량,지역,,,,,,,,,,,,,,,,,,,,,
Kg,A,D,E,F,G,H,I,J,K,M,N,O,P,Q,R,S,T,U,V,W,X,Y
,,,,,,,,,,,,,,,,,,,,,,
21.0 - 44.0,"5,550","12,600","11,320","11,740","7,070","21,210","24,450","23,870","5,710","6,610","10,720","11,340","9,380","4,640","5,750","5,910","7,460","12,360","7,660","6,180","4,850","4,950"
,,,,,,,,,,,,,,,,,,,,,,
45.0 - 70.0,"5,350","11,600","9,040","10,150","7,130","19,410","22,400","21,860","5,590","6,660","9,430","10,210","7,780","4,510","5,570","5,790","7,100","11,560","6,850","5,860","4,250","4,670"
,,,,,,,,,,,,,,,,,,,,,,
71.0 - 99.0,"5,240","11,200","8,230","9,000","6,560","15,560","21,400","20,470","5,230","6,200","9,390","2,580","6,900","4,140","5,610","5,150","7,060","10,790","6,690","5,890","3,920","3,880"
,,,,,,,,,,,,,,,,,,,,,,
100.0 - 299.0,"4,720","10,340","8,050","8,540","6,510","15,440","20,450","20,120","4,520","6,190","8,860","2,530","6,700","4,080","5,110","4,870","6,450","10,250","6,230","5,590","3,530","3,790"
,,,,,,,,,,,,,,,,,,,,,,
300.0 - 499.0,"4,430","9,900","7,950","8,330","6,390","15,090","20,150","19,880","4,430","6,090","8,400","2,530","6,230","3,890","4,620","4,830","6,390","10,000","5,960","5,070","3,480","3,800"
,,,,,,,,,,,,,,,,,,,,,,
500.0 - 999.0,"4,390","9,850","7,950","8,020","6,040","15,090","20,150","19,880","4,040","5,750","7,910","2,510","6,060","3,770","4,480","4,480","6,170","9,910","5,880","4,670","3,520","3,840"
,,,,,,,,,,,,,,,,,,,,,,
"1,000.0 - 9,999.0","4,380","9,850","7,950","8,020","5,750","15,090","20,150","19,880","4,010","5,750","7,910","2,510","5,990","3,700","4,470","4,470","6,170","9,680","5,690","4,680","3,530","3,840"
,,,,,,,,,,,,,,,,,,,,,,
"10,000.0 - 99,999.0","15,800","20,100","22,700","23,600","23,000","38,200","40,300","42,300","15,800","23,000","19,300","20,100","17,100","19,300","19,300","19,300","19,300","23,600","15,800","19,300","15,800","15,800"
,,,,,,,,,,,,,,,,,,,,,,
,,,,,,,,,,,,,,,,,,,,,,
모든 운임에는 적용 가능한 세금이 전혀 적용되어 있지 않습니다. 특별 요금 및 유류할증료에 대한 자세한 내용은 추가요금 및 기타 정보 페이지(http://www.fedex.com/kr_english/rates/surcharge_otherinfo.html)를 참조하십시오.,,,,,,,,,,,,,,,,,,,,,,
본 요금표에 기제된 발송물에는 운임환불보장이 적용되지 않습니다.,,,,,,,,,,,,,,,,,,,,,,
,,,,,,,,,,,,,,,,,,,,,,
,,,,,,,,,,,,,,,,,,,,,,
South Korea  ImportOne 특별 운임,,,,,,,,,,,,,,,,,,,,,,
FedEx International Priority Freight (ATA) Import,,,,,,,통화: KRW,,,,,,,,,,,,,,,
,,,,,,,,,,,,,,,,,,,,,,
순 운임은 2026년 03월 24일.,,,,,,,,,,,,,,,,,,,,,,
,,,,,,,,,,,,,,,,,,,,,,
Airport to Airport,,,,,,,,,,,,,,,,,,,,,,
"킬로그램당 운임으로, 발송물의 실제 중량(킬로그램)을 곱해 순 운임을 산출합니다.",,,,,,,,,,,,,,,,,,,,,,
,,,,,,,,,,,,,,,,,,,,,,
중량,지역,,,,,,,,,,,,,,,,,,,,,
Kg,A,D,E,F,G,H,I,J,K,M,N,O,P,Q,R,S,T,U,V,W,X,Y
,,,,,,,,,,,,,,,,,,,,,,
68.0 - 99.0,"5,570","13,520","13,250","14,220","9,070","20,240","24,750","25,170","5,560","9,070","9,960","2,760","7,420","4,400","5,950","5,470","7,490","12,320","7,110","6,250","4,160","4,120"
,,,,,,,,,,,,,,,,,,,,,,
100.0 - 299.0,"5,090","12,500","13,070","13,010","9,000","19,400","23,500","23,670","4,870","9,000","9,410","2,680","7,200","4,340","5,430","5,170","6,850","11,560","6,730","5,940","3,810","4,090"
,,,,,,,,,,,,,,,,,,,,,,
300.0 - 499.0,"4,820","11,710","12,880","12,780","8,490","18,740","22,950","22,020","4,820","8,490","9,160","2,630","6,650","4,240","5,040","5,260","6,970","11,360","6,480","5,530","3,790","4,140"
,,,,,,,,,,,,,,,,,,,,,,
500.0 - 999.0,"4,660","11,270","12,010","12,200","8,200","18,040","21,700","21,430","4,290","8,200","8,490","2,530","6,410","4,040","4,800","4,800","6,620","10,840","6,250","5,010","3,740","4,090"
,,,,,,,,,,,,,,,,,,,,,,
"1,000.0 - 9,999.0","4,690","11,270","11,960","12,200","7,970","18,040","21,600","21,210","4,280","7,970","8,410","2,530","6,340","3,930","4,750","4,750","6,560","10,840","6,080","4,970","3,770","4,110"
,,,,,,,,,,,,,,,,,,,,,,
"10,000.0 - 99,999.0","16,900","23,000","26,000","27,100","27,000","41,000","43,200","48,200","16,900","27,000","20,500","23,000","18,100","20,500","20,500","20,500","20,500","27,100","16,900","20,500","16,900","16,900"
,,,,,,,,,,,,,,,,,,,,,,
,,,,,,,,,,,,,,,,,,,,,,
모든 운임에는 적용 가능한 세금이 전혀 적용되어 있지 않습니다. 특별 요금 및 유류할증료에 대한 자세한 내용은 추가요금 및 기타 정보 페이지(http://www.fedex.com/kr_english/rates/surcharge_otherinfo.html)를 참조하십시오.,,,,,,,,,,,,,,,,,,,,,,
본 요금표에 기제된 발송물에는 운임환불보장이 적용되지 않습니다.,,,,,,,,,,,,,,,,,,,,,,
,,,,,,,,,,,,,,,,,,,,,,
,,,,,,,,,,,,,,,,,,,,,,
South Korea  ImportOne 특별 운임,,,,,,,,,,,,,,,,,,,,,,
"FedEx International Priority Freight (ATD, DTA) Import",,,,,,,통화: KRW,,,,,,,,,,,,,,,
,,,,,,,,,,,,,,,,,,,,,,
순 운임은 2026년 03월 24일.,,,,,,,,,,,,,,,,,,,,,,
,,,,,,,,,,,,,,,,,,,,,,
"Airport to Door, Door to Airport",,,,,,,,,,,,,,,,,,,,,,
,,,,,,,,,,,,,,,,,,,,,,
,,,,,,,,,,,,,,,,,,,,,,
"킬로그램당 운임으로, 발송물의 실제 중량(킬로그램)을 곱해 순 운임을 산출합니다.",,,,,,,,,,,,,,,,,,,,,,
,,,,,,,,,,,,,,,,,,,,,,
중량,지역,,,,,,,,,,,,,,,,,,,,,
Kg,A,D,E,F,G,H,I,J,K,M,N,O,P,Q,R,S,T,U,V,W,X,Y
,,,,,,,,,,,,,,,,,,,,,,
68.0 - 99.0,"5,750","13,870","13,620","14,490","9,410","20,810","25,450","25,960","5,740","9,410","10,210","2,830","7,560","4,500","6,100","5,600","7,670","12,560","7,330","6,410","4,300","4,250"
,,,,,,,,,,,,,,,,,,,,,,
100.0 - 299.0,"5,270","12,840","13,400","13,500","9,340","19,840","24,050","24,290","5,040","9,340","9,790","2,750","7,450","4,510","5,650","5,380","7,130","12,000","6,950","6,170","3,940","4,230"
,,,,,,,,,,,,,,,,,,,,,,
300.0 - 499.0,"4,930","12,050","13,250","13,100","8,700","19,270","23,550","22,530","4,930","8,700","9,280","2,710","6,830","4,300","5,110","5,330","7,060","11,640","6,620","5,600","3,870","4,230"
,,,,,,,,,,,,,,,,,,,,,,
500.0 - 999.0,"4,800","11,560","12,330","12,510","8,350","18,480","22,200","21,820","4,420","8,350","8,730","2,600","6,620","4,160","4,940","4,940","6,810","11,120","6,440","5,160","3,850","4,210"
,,,,,,,,,,,,,,,,,,,,,,
"1,000.0 - 9,999.0","4,740","11,520","12,190","12,470","8,140","18,440","22,150","21,820","4,330","8,140","8,570","2,590","6,440","4,010","4,840","4,840","6,680","11,080","6,160","5,070","3,820","4,150"
,,,,,,,,,,,,,,,,,,,,,,
"10,000.0 - 99,999.0","17,100","23,500","26,500","27,700","27,600","41,900","44,300","49,600","17,100","27,600","20,900","23,500","18,400","20,900","20,900","20,900","20,900","27,700","17,100","20,900","17,100","17,100"
,,,,,,,,,,,,,,,,,,,,,,
,,,,,,,,,,,,,,,,,,,,,,
모든 운임에는 적용 가능한 세금이 전혀 적용되어 있지 않습니다. 특별 요금 및 유류할증료에 대한 자세한 내용은 추가요금 및 기타 정보 페이지(http://www.fedex.com/kr_english/rates/surcharge_otherinfo.html)를 참조하십시오.,,,,,,,,,,,,,,,,,,,,,,
본 요금표에 기제된 발송물에는 운임환불보장이 적용되지 않습니다.,,,,,,,,,,,,,,,,,,,,,,
,,,,,,,,,,,,,,,,,,,,,,
,,,,,,,,,,,,,,,,,,,,,,
South Korea  ImportOne 특별 운임,,,,,,,,,,,,,,,,,,,,,,
FedEx International Priority Freight (DTD) Import,,,,,,,통화: KRW,,,,,,,,,,,,,,,
,,,,,,,,,,,,,,,,,,,,,,
순 운임은 2026년 03월 24일.,,,,,,,,,,,,,,,,,,,,,,
,,,,,,,,,,,,,,,,,,,,,,
Door to Door,,,,,,,,,,,,,,,,,,,,,,
,,,,,,,,,,,,,,,,,,,,,,
"킬로그램당 운임으로, 발송물의 실제 중량(킬로그램)을 곱해 순 운임을 산출합니다.",,,,,,,,,,,,,,,,,,,,,,
,,,,,,,,,,,,,,,,,,,,,,
중량,지역,,,,,,,,,,,,,,,,,,,,,
Kg,A,D,E,F,G,H,I,J,K,M,N,O,P,Q,R,S,T,U,V,W,X,Y
,,,,,,,,,,,,,,,,,,,,,,
68.0 - 99.0,"5,870","14,060","13,890","14,850","9,500","21,120","25,550","26,270","5,860","9,500","10,500","2,870","7,740","4,630","6,270","5,760","7,890","12,870","7,490","6,590","4,390","4,340"
,,,,,,,,,,,,,,,,,,,,,,
100.0 - 299.0,"5,320","13,130","13,680","13,730","9,490","20,200","24,600","24,770","5,090","9,490","9,950","2,810","7,520","4,590","5,740","5,470","7,250","12,200","7,030","6,280","3,990","4,270"
,,,,,,,,,,,,,,,,,,,,,,
300.0 - 499.0,"4,980","12,150","13,300","13,370","8,850","19,540","23,800","22,920","4,980","8,850","9,320","2,730","6,900","4,320","5,130","5,360","7,090","11,880","6,700","5,630","3,920","4,280"
,,,,,,,,,,,,,,,,,,,,,,
500.0 - 999.0,"4,910","11,710","12,470","12,740","8,530","18,790","22,650","22,130","4,520","8,530","8,820","2,630","6,690","4,200","4,990","4,990","6,870","11,320","6,590","5,210","3,940","4,300"
,,,,,,,,,,,,,,,,,,,,,,
"1,000.0 - 9,999.0","4,910","11,710","12,420","12,740","8,350","18,790","22,600","22,130","4,490","8,350","8,770","2,630","6,620","4,110","4,960","4,960","6,840","11,320","6,370","5,190","3,950","4,300"
,,,,,,,,,,,,,,,,,,,,,,
"10,000.0 - 99,999.0","17,700","23,900","27,000","28,300","28,300","42,700","45,200","50,300","17,700","28,300","21,400","23,900","18,900","21,400","21,400","21,400","21,400","28,300","17,700","21,400","17,700","17,700"
,,,,,,,,,,,,,,,,,,,,,,
,,,,,,,,,,,,,,,,,,,,,,
모든 운임에는 적용 가능한 세금이 전혀 적용되어 있지 않습니다. 특별 요금 및 유류할증료에 대한 자세한 내용은 추가요금 및 기타 정보 페이지(http://www.fedex.com/kr_english/rates/surcharge_otherinfo.html)를 참조하십시오.,,,,,,,,,,,,,,,,,,,,,,
본 요금표에 기제된 발송물에는 운임환불보장이 적용되지 않습니다.,,,,,,,,,,,,,,,,,,,,,,
,,,,,,,,,,,,,,,,,,,,,,
,,,,,,,,,,,,,,,,,,,,,,
South Korea  ImportOne 특별 운임,,,,,,,,,,,,,,,,,,,,,,
FedEx International Economy Freight (ATA) Import,,,,,,,통화: KRW,,,,,,,,,,,,,,,
,,,,,,,,,,,,,,,,,,,,,,
순 운임은 2026년 03월 24일.,,,,,,,,,,,,,,,,,,,,,,
,,,,,,,,,,,,,,,,,,,,,,
Airport to Airport,,,,,,,,,,,,,,,,,,,,,,
,,,,,,,,,,,,,,,,,,,,,,
"킬로그램당 운임으로, 발송물의 실제 중량(킬로그램)을 곱해 순 운임을 산출합니다.",,,,,,,,,,,,,,,,,,,,,,
,,,,,,,,,,,,,,,,,,,,,,
중량,지역,,,,,,,,,,,,,,,,,,,,,
Kg,A,D,E,F,G,H,I,J,K,M,N,O,P,Q,R,S,T,U,V,W,X,Y
,,,,,,,,,,,,,,,,,,,,,,
68.0 - 99.0,"4,980","10,900","7,650","8,360","6,500","15,010","20,350","19,730","4,960","6,180","8,940","2,510","6,720","3,940","5,340","4,900","6,720","10,330","6,350","5,610","3,720","3,680"
,,,,,,,,,,,,,,,,,,,,,,
100.0 - 299.0,"4,550","9,900","7,510","7,990","6,440","14,770","19,600","19,360","4,350","6,130","8,480","2,420","6,480","3,910","4,900","4,660","6,180","9,870","6,000","5,350","3,400","3,650"
,,,,,,,,,,,,,,,,,,,,,,
300.0 - 499.0,"4,290","9,460","7,450","7,790","6,430","14,500","19,400","19,080","4,290","6,120","8,110","2,410","5,920","3,760","4,460","4,660","6,170","9,620","5,770","4,890","3,380","3,690"
,,,,,,,,,,,,,,,,,,,,,,
500.0 - 999.0,"4,200","9,360","7,340","7,650","6,420","14,380","19,300","18,940","3,860","6,070","7,540","2,390","5,710","3,590","4,270","4,270","5,880","9,450","5,620","4,460","3,370","3,680"
,,,,,,,,,,,,,,,,,,,,,,
"1,000.0 - 9,999.0","4,190","9,310","7,340","7,580","6,400","14,380","19,300","18,940","3,830","6,030","7,500","2,380","5,600","3,510","4,240","4,240","5,850","9,140","5,440","4,440","3,370","3,670"
,,,,,,,,,,,,,,,,,,,,,,
"10,000.0 - 99,999.0","15,100","19,000","21,600","22,300","21,900","36,400","38,600","40,300","15,100","21,900","18,300","19,000","16,000","18,300","18,300","18,300","18,300","22,300","15,100","18,300","15,100","15,100"
,,,,,,,,,,,,,,,,,,,,,,
,,,,,,,,,,,,,,,,,,,,,,
모든 운임에는 적용 가능한 세금이 전혀 적용되어 있지 않습니다. 특별 요금 및 유류할증료에 대한 자세한 내용은 추가요금 및 기타 정보 페이지(http://www.fedex.com/kr_english/rates/surcharge_otherinfo.html)를 참조하십시오.,,,,,,,,,,,,,,,,,,,,,,
본 요금표에 기제된 발송물에는 운임환불보장이 적용되지 않습니다.,,,,,,,,,,,,,,,,,,,,,,
,,,,,,,,,,,,,,,,,,,,,,
,,,,,,,,,,,,,,,,,,,,,,
South Korea  ImportOne 특별 운임,,,,,,,,,,,,,,,,,,,,,,
"FedEx International Economy Freight (ATD, DTA) Import",,,,,,,통화: KRW,,,,,,,,,,,,,,,
,,,,,,,,,,,,,,,,,,,,,,
순 운임은 2026년 03월 24일.,,,,,,,,,,,,,,,,,,,,,,
,,,,,,,,,,,,,,,,,,,,,,
"Airport to Door, Door to Airport",,,,,,,,,,,,,,,,,,,,,,
,,,,,,,,,,,,,,,,,,,,,,
"킬로그램당 운임으로, 발송물의 실제 중량(킬로그램)을 곱해 순 운임을 산출합니다.",,,,,,,,,,,,,,,,,,,,,,
,,,,,,,,,,,,,,,,,,,,,,
중량,지역,,,,,,,,,,,,,,,,,,,,,
Kg,A,D,E,F,G,H,I,J,K,M,N,O,P,Q,R,S,T,U,V,W,X,Y
,,,,,,,,,,,,,,,,,,,,,,
68.0 - 99.0,"5,160","11,100","7,820","8,530","6,630","15,370","21,250","20,190","5,140","6,310","9,100","2,550","6,830","4,020","5,440","4,990","6,840","10,540","6,570","5,710","3,850","3,810"
,,,,,,,,,,,,,,,,,,,,,,
100.0 - 299.0,"4,630","10,240","7,680","8,090","6,640","15,210","20,000","19,880","4,430","6,310","8,690","2,510","6,620","4,010","5,020","4,780","6,330","10,000","6,120","5,490","3,470","3,720"
,,,,,,,,,,,,,,,,,,,,,,
300.0 - 499.0,"4,380","9,750","7,580","7,960","6,580","14,770","19,800","19,550","4,380","6,250","8,320","2,490","6,130","3,860","4,580","4,780","6,330","9,830","5,880","5,020","3,440","3,760"
,,,,,,,,,,,,,,,,,,,,,,
500.0 - 999.0,"4,310","9,600","7,550","7,890","6,570","14,770","19,700","19,460","3,960","6,200","7,830","2,450","5,850","3,730","4,430","4,430","6,110","9,740","5,770","4,630","3,450","3,770"
,,,,,,,,,,,,,,,,,,,,,,
"1,000.0 - 9,999.0","4,240","9,600","7,510","7,820","6,550","14,730","19,700","19,460","3,880","6,170","7,670","2,450","5,780","3,590","4,330","4,330","5,980","9,430","5,510","4,530","3,410","3,720"
,,,,,,,,,,,,,,,,,,,,,,
"10,000.0 - 99,999.0","15,300","19,600","22,100","23,000","22,400","37,300","39,400","41,400","15,300","22,400","18,700","19,600","16,500","18,700","18,700","18,700","18,700","23,000","15,300","18,700","15,300","15,300"
,,,,,,,,,,,,,,,,,,,,,,
,,,,,,,,,,,,,,,,,,,,,,
모든 운임에는 적용 가능한 세금이 전혀 적용되어 있지 않습니다. 특별 요금 및 유류할증료에 대한 자세한 내용은 추가요금 및 기타 정보 페이지(http://www.fedex.com/kr_english/rates/surcharge_otherinfo.html)를 참조하십시오.,,,,,,,,,,,,,,,,,,,,,,
본 요금표에 기제된 발송물에는 운임환불보장이 적용되지 않습니다.,,,,,,,,,,,,,,,,,,,,,,
,,,,,,,,,,,,,,,,,,,,,,
,,,,,,,,,,,,,,,,,,,,,,
South Korea  ImportOne 특별 운임,,,,,,,,,,,,,,,,,,,,,,
FedEx International Economy Freight (DTD) Import,,,,,,,통화: KRW,,,,,,,,,,,,,,,
,,,,,,,,,,,,,,,,,,,,,,
순 운임은 2026년 03월 24일.,,,,,,,,,,,,,,,,,,,,,,
,,,,,,,,,,,,,,,,,,,,,,
Door to Door,,,,,,,,,,,,,,,,,,,,,,
,,,,,,,,,,,,,,,,,,,,,,
"킬로그램당 운임으로, 발송물의 실제 중량(킬로그램)을 곱해 순 운임을 산출합니다.",,,,,,,,,,,,,,,,,,,,,,
,,,,,,,,,,,,,,,,,,,,,,
중량,지역,,,,,,,,,,,,,,,,,,,,,
Kg,A,D,E,F,G,H,I,J,K,M,N,O,P,Q,R,S,T,U,V,W,X,Y
,,,,,,,,,,,,,,,,,,,,,,
68.0 - 99.0,"5,240","11,200","7,990","8,740","6,760","15,560","21,400","20,470","5,230","6,430","9,390","2,580","6,900","4,140","5,610","5,150","7,060","10,790","6,690","5,890","3,920","3,880"
,,,,,,,,,,,,,,,,,,,,,,
100.0 - 299.0,"4,720","10,340","7,820","8,300","6,750","15,440","20,450","20,120","4,520","6,420","8,860","2,530","6,700","4,080","5,110","4,870","6,450","10,250","6,230","5,590","3,530","3,790"
,,,,,,,,,,,,,,,,,,,,,,
300.0 - 499.0,"4,430","9,900","7,720","8,090","6,690","15,090","20,150","19,880","4,430","6,360","8,400","2,530","6,230","3,890","4,620","4,830","6,390","10,000","5,960","5,070","3,480","3,800"
,,,,,,,,,,,,,,,,,,,,,,
500.0 - 999.0,"4,390","9,850","7,720","8,020","6,710","15,090","20,150","19,880","4,040","6,340","7,910","2,510","6,060","3,770","4,480","4,480","6,170","9,910","5,880","4,670","3,520","3,840"
,,,,,,,,,,,,,,,,,,,,,,
"1,000.0 - 9,999.0","4,380","9,850","7,720","8,020","6,730","15,090","20,150","19,880","4,010","6,330","7,910","2,510","5,990","3,700","4,470","4,470","6,170","9,680","5,690","4,680","3,530","3,840"
,,,,,,,,,,,,,,,,,,,,,,
"10,000.0 - 99,999.0","15,800","20,100","22,700","23,600","23,000","38,200","40,300","42,300","15,800","23,000","19,300","20,100","17,100","19,300","19,300","19,300","19,300","23,600","15,800","19,300","15,800","15,800"
,,,,,,,,,,,,,,,,,,,,,,
,,,,,,,,,,,,,,,,,,,,,,
모든 운임에는 적용 가능한 세금이 전혀 적용되어 있지 않습니다. 특별 요금 및 유류할증료에 대한 자세한 내용은 추가요금 및 기타 정보 페이지(http://www.fedex.com/kr_english/rates/surcharge_otherinfo.html)를 참조하십시오.,,,,,,,,,,,,,,,,,,,,,,
본 요금표에 기제된 발송물에는 운임환불보장이 적용되지 않습니다.,,,,,,,,,,,,,,,,,,,,,,
,,,,,,,,,,,,,,,,,,,,,,
,,,,,,,,,,,,,,,,,,,,,,
South Korea  ImportOne 특별 운임,,,,,,,,,,,,,,,,,,,,,,
FedEx International Deferred Freight (ATA) Import,,,,,,,통화: KRW,,,,,,,,,,,,,,,
,,,,,,,,,,,,,,,,,,,,,,
순 운임은 2026년 03월 24일.,,,,,,,,,,,,,,,,,,,,,,
,,,,,,,,,,,,,,,,,,,,,,
Airport to Airport,,,,,,,,,,,,,,,,,,,,,,
,,,,,,,,,,,,,,,,,,,,,,
"킬로그램당 운임으로, 발송물의 실제 중량(킬로그램)을 곱해 순 운임을 산출합니다.",,,,,,,,,,,,,,,,,,,,,,
,,,,,,,,,,,,,,,,,,,,,,
중량,지역,,,,,,,,,,,,,,,,,,,,,
Kg,A,B,C,D,E,F,G,H,I,J,,,,,,,,,,,,
,,,,,,,,,,,,,,,,,,,,,,
68.0 - 99.0,"16,700","19,200","21,800","21,800","22,500","24,600","25,200","38,000","40,700","42,900",,,,,,,,,,,,
,,,,,,,,,,,,,,,,,,,,,,
100.0 - 299.0,"15,800","18,000","20,200","20,200","22,100","23,500","23,000","37,400","39,200","41,200",,,,,,,,,,,,
,,,,,,,,,,,,,,,,,,,,,,
300.0 - 499.0,"15,600","16,900","19,300","19,300","21,900","22,900","22,300","36,700","38,800","40,600",,,,,,,,,,,,
,,,,,,,,,,,,,,,,,,,,,,
500.0 - 999.0,"15,200","16,300","18,400","19,100","21,600","22,500","22,000","36,400","38,600","40,300",,,,,,,,,,,,
,,,,,,,,,,,,,,,,,,,,,,
"1,000.0 - 99,999.0","15,100","16,000","18,300","19,000","21,600","22,300","21,900","36,400","38,600","40,300",,,,,,,,,,,,
,,,,,,,,,,,,,,,,,,,,,,
,,,,,,,,,,,,,,,,,,,,,,
South Korea  ImportOne 특별 운임,,,,,,,,,,,,,,,,,,,,,,
"FedEx International Deferred Freight (ATD, DTA) Import",,,,,,,통화: KRW,,,,,,,,,,,,,,,
,,,,,,,,,,,,,,,,,,,,,,
순 운임은 2026년 03월 24일.,,,,,,,,,,,,,,,,,,,,,,
,,,,,,,,,,,,,,,,,,,,,,
"Airport to Door, Door to Airport",,,,,,,,,,,,,,,,,,,,,,
,,,,,,,,,,,,,,,,,,,,,,
"킬로그램당 운임으로, 발송물의 실제 중량(킬로그램)을 곱해 순 운임을 산출합니다.",,,,,,,,,,,,,,,,,,,,,,
,,,,,,,,,,,,,,,,,,,,,,
중량,지역,,,,,,,,,,,,,,,,,,,,,
Kg,A,B,C,D,E,F,G,H,I,J,,,,,,,,,,,,
,,,,,,,,,,,,,,,,,,,,,,
68.0 - 99.0,"17,300","19,500","22,200","22,200","23,000","25,100","25,700","38,900","42,500","43,900",,,,,,,,,,,,
,,,,,,,,,,,,,,,,,,,,,,
100.0 - 299.0,"16,100","18,400","20,700","20,900","22,600","23,800","23,700","38,500","40,000","42,300",,,,,,,,,,,,
,,,,,,,,,,,,,,,,,,,,,,
300.0 - 499.0,"15,900","17,500","19,800","19,900","22,300","23,400","22,800","37,400","39,600","41,600",,,,,,,,,,,,
,,,,,,,,,,,,,,,,,,,,,,
500.0 - 999.0,"15,600","16,700","19,100","19,600","22,200","23,200","22,500","37,400","39,400","41,400",,,,,,,,,,,,
,,,,,,,,,,,,,,,,,,,,,,
"1,000.0 - 99,999.0","15,300","16,500","18,700","19,600","22,100","23,000","22,400","37,300","39,400","41,400",,,,,,,,,,,,
,,,,,,,,,,,,,,,,,,,,,,
,,,,,,,,,,,,,,,,,,,,,,
South Korea  ImportOne 특별 운임,,,,,,,,,,,,,,,,,,,,,,
FedEx International Deferred Freight( DTD) Import,,,,,,,통화: KRW,,,,,,,,,,,,,,,
,,,,,,,,,,,,,,,,,,,,,,
,,,,,,,,,,,,,,,,,,,,,,
순 운임은 2026년 03월 24일.,,,,,,,,,,,,,,,,,,,,,,
,,,,,,,,,,,,,,,,,,,,,,
Door to Door,,,,,,,,,,,,,,,,,,,,,,
,,,,,,,,,,,,,,,,,,,,,,
,,,,,,,,,,,,,,,,,,,,,,
"킬로그램당 운임으로, 발송물의 실제 중량(킬로그램)을 곱해 순 운임을 산출합니다.",,,,,,,,,,,,,,,,,,,,,,
,,,,,,,,,,,,,,,,,,,,,,
중량,지역,,,,,,,,,,,,,,,,,,,,,
Kg,A,B,C,D,E,F,G,H,I,J,,,,,,,,,,,,
,,,,,,,,,,,,,,,,,,,,,,
68.0 - 99.0,"17,600","19,700","22,900","22,400","23,500","25,700","26,200","39,400","42,800","44,500",,,,,,,,,,,,
,,,,,,,,,,,,,,,,,,,,,,
100.0 - 299.0,"16,400","18,600","21,100","21,100","23,000","24,400","24,100","39,100","40,900","42,800",,,,,,,,,,,,
,,,,,,,,,,,,,,,,,,,,,,
300.0 - 499.0,"16,100","17,800","20,000","20,200","22,700","23,800","23,200","38,200","40,300","42,300",,,,,,,,,,,,
,,,,,,,,,,,,,,,,,,,,,,
500.0 - 999.0,"15,900","17,300","19,300","20,100","22,700","23,600","23,000","38,200","40,300","42,300",,,,,,,,,,,,
,,,,,,,,,,,,,,,,,,,,,,
"1,000.0 - 99,999.0","15,800","17,100","19,300","20,100","22,700","23,600","23,000","38,200","40,300","42,300",,,,,,,,,,,,
,,,,,,,,,,,,,,,,,,,,,,
,,,,,,,,,,,,,,,,,,,,,,
대한민국 FedEx International Import지역 차트,,,,,,,,,,,,,,,,,,,,,,
,,,,,,,,,,,,,,,,,,,,,,
"""사용 가능 서비스는 수거지 및 도착지에 따라, 우편 번호에 따라 그리고 그리고 1년 내내 계속 달라질 수 있습니다. 자세한 내용은 고객서비스센터 또는 FedEx 담당자에게 문의하시기 바랍니다.""",,,,,,,,,,,,,,,,,,,,,,
,,,,,,,,,,,,,,,,,,,,,,
국가 / 지역,,,IP,IE,IPF,IEF,FDF,,,,,,,,,,,,,,,
Antigua & Barbuda 앤티가 바부 다,,,I,I,I,I,I,,,,,,,,,,,,,,,
Bahama 바하마,,,I,I,I,I,I,,,,,,,,,,,,,,,
Bosnia-Herzegovina 보스니아 헤르체고비나,,,H,H,H,H,H,,,,,,,,,,,,,,,
British Virgin Islands 영국령 버진제도,,,I,I,I,I,I,,,,,,,,,,,,,,,
Côte D'ivoire (Ivory Coast) 코트 디부 아르 (아이보리 코스트),,,J,,J,,,,,,,,,,,,,,,,,
East Timor 동 티모르,,,I,,I,,,,,,,,,,,,,,,,,
Grenada,,,I,I,I,I,I,,,,,,,,,,,,,,,
Guadeloupe,,,I,I,I,I,I,,,,,,,,,,,,,,,
Iraq 이라크,,,J,,J,,,,,,,,,,,,,,,,,
Monserrat 몬세 라트,,,I,I,I,I,I,,,,,,,,,,,,,,,
Montenegro 몬테네그로,,,H,H,H,H,H,,,,,,,,,,,,,,,
Netherlands Antilles 네덜란드 령 앤 틸리 스,,,I,I,I,I,I,,,,,,,,,,,,,,,
Phillipines 필리핀 사람,,,S,S,S,S,C,,,,,,,,,,,,,,,
Réunion 재결합,,,J,,J,,,,,,,,,,,,,,,,,
Russian Federation 러시아 연방,,,H,,H,,,,,,,,,,,,,,,,,
Saint Lucia 세인트 루시아,,,I,I,I,I,I,,,,,,,,,,,,,,,
St. Kitts and Nevis 세인트 키츠 네비스,,,I,I,I,I,I,,,,,,,,,,,,,,,
St. Martin 세인트마틴,,,I,I,I,I,I,,,,,,,,,,,,,,,
St. Vincent & the Grenadines 세인트 빈센트 그레나딘,,,I,I,I,I,I,,,,,,,,,,,,,,,
Tonga,,,I,,I,,,,,,,,,,,,,,,,,
Trinidad & Tobago 트리니다드 토바고,,,I,I,I,I,I,,,,,,,,,,,,,,,
Turks & Caicos Islands 터크스앤케이코스제도,,,I,I,I,I,I,,,,,,,,,,,,,,,
U.S. Virgin Islands 미국령 버진제도,,,I,I,I,I,I,,,,,,,,,,,,,,,
United Kingdom (Great Britain) 영국 (영국),,,M,M,M,M,G,,,,,,,,,,,,,,,
Uzbekistan,,,H,H,H,H,H,,,,,,,,,,,,,,,
Wallis & Futuna 월리스 푸 투나,,,I,,I,,,,,,,,,,,,,,,,,
가나,,,J,,J,,,,,,,,,,,,,,,,,
가봉,,,J,,J,,,,,,,,,,,,,,,,,
가이아나,,,I,I,I,I,I,,,,,,,,,,,,,,,
감비아,,,J,,J,,,,,,,,,,,,,,,,,
과테말라,,,I,I,I,I,I,,,,,,,,,,,,,,,
괌,,,D,D,D,,,,,,,,,,,,,,,,,
광동,,,K,K,K,K,A,,,,,,,,,,,,,,,
그리스,,,G,G,G,G,G,,,,,,,,,,,,,,,
그린란드,,,G,,G,,,,,,,,,,,,,,,,,
기니,,,J,,J,,,,,,,,,,,,,,,,,
나미비아,,,J,J,J,,,,,,,,,,,,,,,,,
나이지리아,,,J,J,J,,,,,,,,,,,,,,,,,
남아프리카,,,J,J,J,J,J,,,,,,,,,,,,,,,
네덜란드,,,M,M,M,M,G,,,,,,,,,,,,,,,
네바다,,,E,E,E,E,E,,,,,,,,,,,,,,,
네팔,,,J,,J,,,,,,,,,,,,,,,,,
노르웨이,,,G,G,G,G,G,,,,,,,,,,,,,,,
뉴질랜드,,,U,U,U,U,F,,,,,,,,,,,,,,,
뉴칼레도니아,,,I,,I,,,,,,,,,,,,,,,,,
니제르,,,J,,J,,,,,,,,,,,,,,,,,
니카라과,,,I,I,I,I,I,,,,,,,,,,,,,,,
대만,,,X,X,X,X,A,,,,,,,,,,,,,,,
덴마크,,,G,G,G,G,G,,,,,,,,,,,,,,,
도미니카,,,I,I,I,I,I,,,,,,,,,,,,,,,
도미니카공화국,,,I,I,I,I,I,,,,,,,,,,,,,,,
독일,,,M,M,M,M,G,,,,,,,,,,,,,,,
라오스,,,D,,D,,,,,,,,,,,,,,,,,
라이베리아,,,J,,J,,,,,,,,,,,,,,,,,
라트비아,,,H,H,H,H,H,,,,,,,,,,,,,,,
레바논,,,J,,J,,,,,,,,,,,,,,,,,
레소토,,,J,,J,,,,,,,,,,,,,,,,,
루마니아,,,H,H,H,H,H,,,,,,,,,,,,,,,
룩셈부르크,,,G,G,G,G,G,,,,,,,,,,,,,,,
르완다,,,J,,J,,,,,,,,,,,,,,,,,
리비아,,,J,J,J,J,J,,,,,,,,,,,,,,,
리투아니아,,,H,H,H,H,H,,,,,,,,,,,,,,,
리히텐슈타인,,,G,,G,,,,,,,,,,,,,,,,,
마다가스카르,,,J,,J,,,,,,,,,,,,,,,,,
마르티니크,,,I,I,I,I,I,,,,,,,,,,,,,,,
마셜제도,,,I,,I,,,,,,,,,,,,,,,,,
마케도니아,,,H,H,H,H,H,,,,,,,,,,,,,,,
말라위,,,J,J,J,J,J,,,,,,,,,,,,,,,
말레이시아,,,Q,Q,Q,Q,C,,,,,,,,,,,,,,,
말리,,,J,,J,,,,,,,,,,,,,,,,,
멕시코,,,F,F,F,F,F,,,,,,,,,,,,,,,
모나코,,,G,,G,,,,,,,,,,,,,,,,,
모로코,,,J,,J,,,,,,,,,,,,,,,,,
모리셔스,,,J,,J,,,,,,,,,,,,,,,,,
모리타니,,,J,,J,,,,,,,,,,,,,,,,,
모잠비크,,,J,J,J,J,J,,,,,,,,,,,,,,,
몰도바 공화국,,,H,H,H,H,H,,,,,,,,,,,,,,,
몰디브,,,J,,J,,,,,,,,,,,,,,,,,
몰타,,,H,H,H,H,H,,,,,,,,,,,,,,,
몽골,,,D,,D,,,,,,,,,,,,,,,,,
미국 (서부),,,,,,,,,,,,,,,,,,,,,,
미국,,,F,F,F,F,F,,,,,,,,,,,,,,,
미크로네시아,,,I,,I,,,,,,,,,,,,,,,,,
바누아트,,,I,,I,,,,,,,,,,,,,,,,,
바레인,,,J,J,J,J,J,,,,,,,,,,,,,,,
바베이도스,,,I,I,I,I,I,,,,,,,,,,,,,,,
방글라데시,,,J,J,J,J,J,,,,,,,,,,,,,,,
버뮤다,,,I,I,I,I,I,,,,,,,,,,,,,,,
베냉,,,J,,J,,,,,,,,,,,,,,,,,
베네수엘라,,,I,I,I,I,I,,,,,,,,,,,,,,,
베트남,,,N,N,N,N,C,,,,,,,,,,,,,,,
벨기에,,,M,M,M,M,G,,,,,,,,,,,,,,,
벨라루스,,,H,,H,,,,,,,,,,,,,,,,,
벨리즈,,,I,I,I,I,I,,,,,,,,,,,,,,,
보네르,,,I,I,I,I,I,,,,,,,,,,,,,,,
보츠나와,,,J,,J,,,,,,,,,,,,,,,,,
볼리비아,,,I,I,I,I,I,,,,,,,,,,,,,,,
부룬디,,,J,,J,,,,,,,,,,,,,,,,,
부르키나파소,,,J,,J,,,,,,,,,,,,,,,,,
부탄,,,J,,J,,,,,,,,,,,,,,,,,
북마리아나제도,,,I,,I,,,,,,,,,,,,,,,,,
불가리아,,,H,H,H,H,H,,,,,,,,,,,,,,,
브라질,,,I,I,I,I,I,,,,,,,,,,,,,,,
브루나이,,,D,,D,,,,,,,,,,,,,,,,,
사모아,,,I,,I,,,,,,,,,,,,,,,,,
사우디아라비아,,,J,J,J,J,J,,,,,,,,,,,,,,,
세네갈,,,J,,J,,,,,,,,,,,,,,,,,
세르비아,,,H,,H,H,H,,,,,,,,,,,,,,,
세이셀,,,J,,J,,,,,,,,,,,,,,,,,
셍마르뗑,,,I,I,I,I,I,,,,,,,,,,,,,,,
수리남,,,I,,I,,,,,,,,,,,,,,,,,
스리랑카,,,J,,J,,,,,,,,,,,,,,,,,
스와질란드,,,J,,J,,,,,,,,,,,,,,,,,
스웨덴,,,G,G,G,G,G,,,,,,,,,,,,,,,
스위스,,,G,G,G,G,G,,,,,,,,,,,,,,,
스페인,,,M,M,M,M,G,,,,,,,,,,,,,,,
슬로바키아,,,G,G,G,G,G,,,,,,,,,,,,,,,
슬로베니아,,,H,H,H,H,H,,,,,,,,,,,,,,,
시리아,,,J,,J,,,,,,,,,,,,,,,,,
싱가포르,,,Y,Y,Y,Y,A,,,,,,,,,,,,,,,
아랍에미리트,,,J,J,J,J,J,,,,,,,,,,,,,,,
아루바,,,I,I,I,I,I,,,,,,,,,,,,,,,
아르메니아,,,H,H,H,,,,,,,,,,,,,,,,,
아르헨티나,,,I,I,I,I,I,,,,,,,,,,,,,,,
아리조나,,,E,E,E,E,E,,,,,,,,,,,,,,,
아메리칸사모아,,,I,,I,,,,,,,,,,,,,,,,,
아이다호,,,E,E,E,E,E,,,,,,,,,,,,,,,
아이슬란드,,,H,,H,,,,,,,,,,,,,,,,,
아이티,,,I,I,I,I,I,,,,,,,,,,,,,,,
아일랜드,,,G,G,G,G,G,,,,,,,,,,,,,,,
아제르바이잔,,,H,H,H,,,,,,,,,,,,,,,,,
아프가니스탄,,,J,,J,,,,,,,,,,,,,,,,,
안도라,,,H,,H,,,,,,,,,,,,,,,,,
알바니아,,,H,H,H,H,H,,,,,,,,,,,,,,,
알제리,,,J,,J,,,,,,,,,,,,,,,,,
앙골라,,,J,,J,,,,,,,,,,,,,,,,,
앵귈라,,,I,I,I,I,I,,,,,,,,,,,,,,,
에리트레아,,,J,,J,,,,,,,,,,,,,,,,,
에스토니아,,,H,H,H,H,H,,,,,,,,,,,,,,,
에콰도르,,,I,I,I,I,I,,,,,,,,,,,,,,,
에티오피아,,,J,,J,,,,,,,,,,,,,,,,,
엘살바도르,,,I,I,I,I,I,,,,,,,,,,,,,,,
예맨,,,J,,J,,,,,,,,,,,,,,,,,
오레곤,,,E,E,E,E,E,,,,,,,,,,,,,,,
오만,,,J,J,J,J,J,,,,,,,,,,,,,,,
오스트리아,,,G,G,G,G,G,,,,,,,,,,,,,,,
온두라스,,,I,I,I,I,I,,,,,,,,,,,,,,,
요르단,,,J,J,J,J,J,,,,,,,,,,,,,,,
우간다,,,J,,J,,,,,,,,,,,,,,,,,
우루과이,,,I,I,I,I,I,,,,,,,,,,,,,,,
우크라이나,,,H,H,H,H,H,,,,,,,,,,,,,,,
워싱턴,,,E,E,E,E,E,,,,,,,,,,,,,,,
유타,,,E,E,E,E,E,,,,,,,,,,,,,,,
이스라엘,,,H,H,H,H,H,,,,,,,,,,,,,,,
이집트,,,J,J,J,J,J,,,,,,,,,,,,,,,
이탈리아,,,M,M,M,M,G,,,,,,,,,,,,,,,
인도,,,O,O,O,O,D,,,,,,,,,,,,,,,
인도네시아,,,T,T,T,T,C,,,,,,,,,,,,,,,
일본,,,P,P,P,P,B,,,,,,,,,,,,,,,
자메이카,,,I,I,I,I,I,,,,,,,,,,,,,,,
잠비아,,,J,J,J,J,J,,,,,,,,,,,,,,,
조지아,,,H,H,H,H,H,,,,,,,,,,,,,,,
중국 (남부),,,K,K,K,K,A,,,,,,,,,,,,,,,
중국 (중국 남부 제외),,,W,W,W,W,C,,,,,,,,,,,,,,,
중국 마카오 특별행정구,,,A,A,A,A,A,,,,,,,,,,,,,,,
중국 홍콩 특별행정구,,,V,V,V,V,A,,,,,,,,,,,,,,,
지부티,,,J,,J,,,,,,,,,,,,,,,,,
지브롤터,,,H,,H,,,,,,,,,,,,,,,,,
짐바브웨,,,J,,J,,,,,,,,,,,,,,,,,
차드,,,J,,J,,,,,,,,,,,,,,,,,
체고,,,G,G,G,G,G,,,,,,,,,,,,,,,
칠레,,,I,I,I,I,I,,,,,,,,,,,,,,,
카메룬,,,J,,J,,,,,,,,,,,,,,,,,
카보베르데,,,J,,J,,,,,,,,,,,,,,,,,
카자흐스탄,,,H,,H,,,,,,,,,,,,,,,,,
카타르,,,J,,J,,,,,,,,,,,,,,,,,
캄보디아,,,D,D,D,D,D,,,,,,,,,,,,,,,
캐나다,,,F,F,F,F,F,,,,,,,,,,,,,,,
캘리포니아,,,E,E,E,E,E,,,,,,,,,,,,,,,
케냐,,,J,J,J,J,J,,,,,,,,,,,,,,,
케이맨제도,,,I,I,I,I,I,,,,,,,,,,,,,,,
코스타리카,,,I,I,I,I,I,,,,,,,,,,,,,,,
콜로라도,,,E,E,E,E,E,,,,,,,,,,,,,,,
콜롬비아,,,I,I,I,I,I,,,,,,,,,,,,,,,
콩고,,,J,,J,,,,,,,,,,,,,,,,,
콩고민주공화국,,,J,,J,,,,,,,,,,,,,,,,,
쿠라카오,,,I,I,I,I,I,,,,,,,,,,,,,,,
쿠웨이트,,,J,J,J,J,J,,,,,,,,,,,,,,,
쿡제도,,,I,,I,,,,,,,,,,,,,,,,,
크로아티아,,,H,H,H,H,H,,,,,,,,,,,,,,,
키르기스스탄,,,H,,H,,,,,,,,,,,,,,,,,
키프로스,,,H,,H,,,,,,,,,,,,,,,,,
탄자니아,,,J,,J,,,,,,,,,,,,,,,,,
태국,,,R,R,R,R,C,,,,,,,,,,,,,,,
터키,,,H,H,H,H,H,,,,,,,,,,,,,,,
토고,,,J,,J,,,,,,,,,,,,,,,,,
튀니지,,,J,J,J,J,J,,,,,,,,,,,,,,,
파나마,,,I,I,I,I,I,,,,,,,,,,,,,,,
파라과이,,,I,I,I,I,I,,,,,,,,,,,,,,,
파키스탄,,,J,,J,,,,,,,,,,,,,,,,,
파푸아뉴기니,,,I,I,I,I,I,,,,,,,,,,,,,,,
팔라우,,,I,,I,,,,,,,,,,,,,,,,,
팔레스타인 자치구,,,J,,J,,,,,,,,,,,,,,,,,
페로스제도,,,G,,G,,,,,,,,,,,,,,,,,
페루,,,I,I,I,I,I,,,,,,,,,,,,,,,
포르투갈,,,G,G,G,G,G,,,,,,,,,,,,,,,
폴란드,,,G,G,G,G,G,,,,,,,,,,,,,,,
푸에르토리코,,,F,F,F,F,F,,,,,,,,,,,,,,,
푸젠성,,,K,K,K,K,A,,,,,,,,,,,,,,,
프랑스,,,M,M,M,M,G,,,,,,,,,,,,,,,
프랑스령기아나,,,I,I,I,I,I,,,,,,,,,,,,,,,
프랑스령폴리네시아,,,I,,I,,,,,,,,,,,,,,,,,
피지,,,I,I,I,I,,,,,,,,,,,,,,,,
필란드,,,G,G,G,G,G,,,,,,,,,,,,,,,
헝가리,,,G,G,G,G,G,,,,,,,,,,,,,,,
호주,,,U,U,U,U,F,,,,,,,,,,,,,,,
